ProductID,QuantitySold,Sales Price,Offers & Discount,Inventory levels,CompetitorPrice1,CompetitorPrice2,CompetitorPrice3,Comp Price,Demand Score,ConsumerConfidenceIndex,Inflation,PageViews,ConversionRate(%),Campaign,Sales revenue,AverageRating,NumberOfReviews,COG,Dynamic Price,Margin(%),MRP,Seasonal,Customer segment
128,7,43.8,16,11,36.47,96.57,51.21,61.42,81,95.8,2.4,1659,4.6,3397,13351,4.6,174,21.9,46.78,53.18,91.8,3,2
175,4,74.93,19,84,53.11,37.18,70.31,53.53,147,98.1,2.6,1075,4,4471,23622,3.5,128,37.47,55.41,32.38,117.93,12,3
171,5,91.23,15,49,43.14,59.67,69.96,57.59,104,99.5,2.7,1968,3.1,4615,14894,3,161,45.62,67.42,32.34,118.23,6,2
113,7,44.28,5,63,86.07,91.47,90.2,89.25,113,99.3,2.8,1259,4.4,3067,10151,4,90,22.14,66.91,66.91,64.28,6,2
100,1,28.1,11,84,93.51,92.86,49.27,78.55,57,98.8,2.7,1749,4.4,4696,25328,3.4,156,14.05,49.95,71.87,70.1,10,3
178,4,73.84,7,97,78.59,34.38,98.24,70.4,97,98.2,2,1704,4.9,4981,23152,3.6,152,36.92,71.2,48.15,93.84,11,3
173,2,36.87,18,78,69.33,50.56,32.81,50.9,54,97.9,2.9,1625,2.6,3893,29520,3.1,135,18.44,38.12,51.65,62.87,9,3
137,1,27.71,20,79,93.59,41.85,33.04,56.16,91,95.9,2.2,1440,2.1,4569,19422,3.5,165,13.86,35.4,60.87,56.71,8,2
188,6,76.15,17,88,57.21,32.61,53.86,47.89,97,95.3,2.6,1650,2.3,4680,22640,3.2,164,38.08,54.89,30.63,111.15,11,3
190,7,89.52,9,62,43.28,32.71,33.16,36.38,108,96.7,2.9,1710,3.8,4748,25930,3,82,44.76,61.31,26.99,132.52,4,2
167,3,64.21,6,18,85.61,59.08,55.8,66.83,59,98.9,2.3,1937,4.3,4549,17446,5,167,32.11,65.35,50.87,102.21,3,1
102,5,68.08,17,93,45.2,80.43,37.31,54.31,108,99.2,2.6,1906,2.3,4744,11407,3.3,154,34.04,54.04,37.01,100.08,9,2
114,4,81.08,20,21,70.37,69.22,72.73,70.77,150,99.6,2.2,1797,4.6,4190,13182,3.6,94,40.54,64.54,37.18,127.08,8,3
194,6,57.75,16,91,42.75,99.68,81.62,74.68,100,99.3,2.5,1788,4.6,3667,27265,3.1,51,28.88,58.9,50.98,77.75,11,2
181,9,23.65,7,69,72.46,87.68,85.41,81.85,64,99.1,2.2,1682,2.3,4942,23822,4,86,11.83,51.54,77.06,73.65,8,3
158,6,80.73,14,48,34.87,30.69,93.87,53.14,108,95.6,3,1426,2.2,4815,16161,4.6,104,40.37,61.36,34.21,125.73,7,3
163,7,83.6,12,78,64.6,71.36,52.42,62.79,95,96.4,2,1044,3.7,4439,25168,4.7,64,41.8,68.53,39,110.6,5,2
120,9,33.45,13,50,40,85.4,81.24,68.88,99,97.5,2.6,1949,3.2,4508,26208,4.2,198,16.73,46.97,64.39,53.45,10,1
190,6,57.42,16,11,77.01,54.59,63.2,64.93,82,97.8,2.2,1363,2.7,4158,17776,4.3,95,28.71,54.48,47.3,77.42,11,1
125,3,75.18,8,26,21.14,79.02,54.11,51.42,128,95.1,2.4,1521,4.9,4235,11016,4.5,52,37.59,62.04,39.41,119.18,6,2
123,5,96.26,19,25,51.34,52.89,75.39,59.87,102,96.5,2.9,1146,2.7,3246,21485,4.5,51,48.13,67.42,28.61,129.26,4,1
109,3,57.62,14,79,41.36,64.89,37.99,48.08,141,99.9,2.2,1061,2.8,3855,18607,4.4,51,28.81,48.34,40.4,92.62,9,1
199,10,97.47,8,16,29.91,24.91,51.61,35.48,52,98.5,2.3,1612,4.9,3385,13325,3.5,173,48.74,65.48,25.57,132.47,5,3
112,9,43.75,17,91,86.84,87.37,36.23,70.15,91,99.5,2.1,1613,4.3,3746,11922,4.8,107,21.88,49.96,56.21,65.75,7,2
190,1,55.56,15,80,79.54,75.44,90.12,81.7,88,95.1,2.7,1555,2.7,3245,27009,3.8,158,27.78,61.71,54.98,77.56,1,3
163,6,35.15,7,42,96.88,65.5,42.53,68.3,150,99.2,2.7,1338,3.8,3320,19593,3.8,89,17.58,50.78,65.39,61.15,11,3
183,2,35.61,19,31,33.11,93.85,70.42,65.79,93,96.7,3,1375,4.4,4077,26302,4.2,143,17.81,43.38,58.96,62.61,7,3
167,2,94.72,19,41,86.96,68.93,92.89,82.93,133,97.8,2.3,1289,4.6,3510,23492,4.1,113,47.36,76.44,38.04,140.72,7,2
156,7,36.15,6,82,33.29,46.64,29.35,36.43,95,98.4,2.4,1279,3.6,3001,11775,3.9,183,18.08,36.25,50.13,85.15,9,2
147,10,56.94,12,48,87.01,79.98,84.51,83.83,83,96,2,1657,2.8,4485,16587,3.2,59,28.47,65.49,56.53,105.94,9,1
120,10,25.31,17,51,65.69,54.05,63.7,61.15,129,97.7,2.8,1843,3.2,4315,18571,4.1,108,12.66,37.83,66.55,61.31,6,2
197,8,52.19,8,40,60.85,35.03,56.59,50.82,127,97.3,2.3,1379,4.4,4057,10611,3.8,173,26.1,50.32,48.15,88.19,1,3
116,1,30.13,19,38,70,72.45,41.81,61.42,56,96.4,2.3,1284,2,3858,15598,4.4,177,15.07,39.12,61.49,80.13,4,3
152,4,57.25,20,96,21,83.69,85.52,63.4,146,99.2,2.7,1358,2.1,3443,20813,3.5,81,28.63,51.19,44.08,87.25,2,2
124,1,23.76,6,79,80.44,66.13,29.56,58.71,128,96.7,2.6,1212,3.5,4701,24633,4,175,11.88,40.86,70.92,53.76,7,2
185,7,27.08,14,78,69.87,52.21,97.17,73.08,54,95.3,2.7,1392,2.1,3735,25891,3.8,174,13.54,45.35,70.14,76.08,7,2
179,2,98.52,11,28,59.63,49.84,30.99,46.82,110,97,2.2,1561,3.2,4473,15612,4.2,173,49.26,69.1,28.71,136.52,7,2
200,7,40.1,16,46,42.79,90.66,37.47,56.97,146,96.3,2.2,1565,2.1,4598,27108,3.9,73,20.05,43.15,53.53,76.1,11,2
197,6,41.46,18,12,31.48,46.18,97.63,58.43,80,96.8,2.8,1010,2.9,4827,25778,3.8,124,20.73,43.36,52.2,63.46,8,3
194,5,53.71,15,37,54.29,44.54,41.01,46.61,127,98.8,2.6,1616,3,3759,13689,4.3,181,26.86,45.34,40.77,88.71,10,1
199,2,40.6,12,98,63.37,54.51,67.49,61.79,101,98.8,3,1755,2.6,4924,15159,4.3,64,20.3,47.67,57.42,88.6,12,2
182,1,90.16,14,83,80.13,23.62,72.13,58.63,129,98.7,2.5,1991,4.9,4568,22078,3.6,180,45.08,68.18,33.88,124.16,4,3
151,10,25.48,14,94,41.14,82.15,66.41,63.23,81,97.1,2.5,1884,3.2,3706,20090,3.9,62,12.74,40.2,68.3,46.48,6,1
129,5,30,13,59,83.34,20.61,32.2,45.38,108,98.7,2.6,1846,3.4,4330,28735,4.1,152,15,34.71,56.79,79,8,1
127,3,91.96,6,35,89.23,48.1,86.03,74.45,106,99,2.8,1416,4.8,4176,29457,3.6,56,45.98,83.18,44.72,136.96,4,2
197,9,89.72,9,23,47.23,99.3,27.4,57.98,63,98.4,2.3,1953,3.7,3153,19669,4.1,78,44.86,71.61,37.35,117.72,9,2
170,7,48.26,16,88,99,51.11,89.59,79.9,80,97.3,2.9,1643,4.7,4764,27625,3,73,24.13,56.89,57.58,73.26,3,1
131,6,95.6,13,73,20.38,97,64.18,60.52,113,97.6,2.7,1639,2.1,3785,10940,3.7,195,47.8,72.39,33.97,121.6,1,3
125,4,36.75,5,30,82.76,58.69,57.14,66.2,82,99.8,2.6,1223,3.6,4987,19258,3.9,124,18.38,51.65,64.43,79.75,2,2
147,9,88.56,10,75,35.97,35.05,54.59,41.87,54,99.5,2.6,1200,2.4,3559,19421,4.4,65,44.28,62.73,29.41,122.56,12,1
132,9,52.9,7,43,84.84,42.58,35.1,54.17,63,95.1,2.6,1506,2.7,3558,28626,4.3,67,26.45,52.86,49.96,93.9,11,1
179,8,72.8,8,78,61.74,35.46,98.64,65.28,70,98.2,2.8,1435,3.6,4994,14296,3.6,69,36.4,67.5,46.07,110.8,6,3
108,6,42.45,5,37,22.18,96.99,80.82,66.66,52,95.1,2.7,1546,4.4,3396,18485,3.9,72,21.23,54.81,61.27,63.45,3,3
108,5,72.08,18,36,22.54,98.48,63.02,61.35,99,99.8,2.9,1704,4.7,4355,29382,4.6,105,36.04,58.17,38.05,115.08,10,3
196,7,58.83,18,65,57.29,94.38,20.72,57.46,133,99.7,3,1647,2,4503,21722,3.6,189,29.42,50.65,41.92,81.83,4,2
182,9,67.23,9,55,98.09,43.79,54.49,65.46,72,97.4,2.5,1745,4.7,3240,17327,3.6,123,33.62,64.1,47.56,93.23,7,2
151,3,90.11,5,65,39.66,47.35,39.93,42.31,139,97,2.6,1803,4.6,4841,19248,3.8,122,45.06,67.23,32.98,114.11,3,2
117,9,22.07,9,25,84.3,89.1,96.55,89.98,50,96.5,2.3,1859,4.1,3684,12198,4,145,11.04,53.51,79.38,58.07,9,3
188,3,22.34,11,28,73.26,24.87,23.91,40.68,144,98.3,2.8,1338,4,4418,29505,3.1,128,11.17,29.66,62.34,67.34,5,3
142,2,35.71,16,13,95.31,98.69,42.16,78.72,150,96.9,2.7,1096,3,4489,20412,4.7,127,17.86,50.67,64.76,64.71,10,2
171,6,39.26,9,25,43.15,79.51,46.72,56.46,103,99.3,2.9,1054,4.3,3407,18492,3.6,147,19.63,46.11,57.43,66.26,3,1
170,7,52.02,17,88,29.83,35.01,58.93,41.26,136,97.1,2.9,1926,3.7,3638,25599,4.9,90,26.01,41.22,36.9,82.02,1,3
185,7,75.4,8,43,75.39,82.59,86.54,81.51,102,99,2.7,1800,4.5,3940,29696,3.6,92,37.7,76.55,50.75,113.4,8,2
139,6,31.23,7,52,28.14,21.37,40.93,30.15,58,99.9,2.9,1057,2.2,3799,14160,3.7,109,15.62,30.37,48.59,74.23,4,3
157,4,45.89,8,76,38.36,39.58,23.58,33.84,139,95.4,2.7,1826,3.5,3637,14504,3.1,140,22.95,39.09,41.3,84.89,1,1
150,7,81.2,18,89,68.9,33.22,42.62,48.25,138,99.7,2,1363,4.7,4590,28821,4.1,181,40.6,56.59,28.26,130.2,12,1
127,7,31.87,12,76,68.81,56.61,60.86,62.09,111,97.8,2.9,1941,3.6,3667,23182,3.5,153,15.94,43.66,63.5,79.87,2,1
194,10,87.34,5,75,90.04,50.71,83.22,74.66,92,98.6,2.8,1435,4.7,3730,21218,3,107,43.67,81.79,46.61,125.34,10,1
180,5,89.67,7,92,67.75,68.32,79.24,71.77,116,95.7,2.9,1003,2.4,4738,23469,4.4,50,44.84,79.85,43.85,121.67,5,3
130,10,75.82,16,53,93.75,54.52,39.79,62.69,124,97,2.5,1624,4.4,4046,11945,5,144,37.91,61.86,38.72,121.82,11,3
101,3,66.08,12,50,78.24,37.29,33.65,49.73,74,97.4,2.5,1235,4.2,4839,18056,3.2,135,33.04,54.25,39.09,103.08,10,2
145,8,91.56,20,91,72.17,90.55,59.41,74.04,113,99.2,2.5,1762,2.2,3111,29088,4.9,176,45.78,70.43,35,129.56,4,2
123,1,93.25,19,66,25.31,84.74,90.34,66.8,92,98.6,2.5,1881,3.7,4231,11850,3.8,89,46.63,69,32.43,130.25,11,3
154,2,42.56,13,58,92.94,53.48,98.29,81.57,138,99.2,3,1337,4.6,3176,20421,4.3,150,21.28,57,62.67,65.56,7,1
105,9,92,18,44,65.49,36.95,94.52,65.65,60,98.3,2.4,1061,2.1,4134,22030,4.3,114,46,68.81,33.15,122,7,1
110,6,58.16,13,50,88.71,69.58,71.41,76.57,121,99.5,2.9,1946,2.2,3242,29817,3.3,101,29.08,62.06,53.15,100.16,12,1
179,6,46.15,16,23,42.78,70,34.83,49.2,132,96.6,2,1374,2.6,3005,29339,4.7,187,23.08,42.49,45.69,90.15,9,2
172,7,53.81,10,50,48.29,67.33,35.85,50.49,146,98.5,2.7,1187,3.4,3784,26053,4.9,60,26.91,49.88,46.06,94.81,12,1
116,9,64.52,15,29,71.67,76.35,85.91,77.98,137,100,2.5,1691,4.9,3629,28895,4.9,198,32.26,64.17,49.72,88.52,12,2
172,1,54.64,17,97,92.75,34.51,41.55,56.27,80,95.6,2.2,1719,4.3,4689,13232,3.1,74,27.32,48.85,44.07,91.64,2,2
180,8,91.74,10,25,55.41,40.57,69.89,55.29,97,98.9,2.2,1044,4.8,4009,26130,4.7,173,45.87,70.54,34.97,132.74,10,1
115,7,77.52,14,79,49.72,74.43,54.92,59.69,106,95.1,2.1,1715,4.4,3379,14495,3.9,134,38.76,62.77,38.25,117.52,1,1
186,2,69.41,5,33,59.55,92.86,32.29,61.57,90,99.6,2.2,1737,4.5,3519,13843,3,148,34.71,66.11,47.5,114.41,4,3
200,6,28.71,17,32,37.87,77.32,44.83,53.34,113,96.5,2.4,1582,3.4,4357,12076,3.1,72,14.36,35.97,60.09,75.71,12,1
182,7,47.97,13,65,70.86,66.4,88.34,75.2,124,99.2,2.1,1185,4.5,4600,14082,3.9,71,23.99,56.63,57.65,67.97,9,1
103,2,35.21,14,58,48.66,47.96,46.63,47.75,114,98.2,3,1145,2.8,4361,21863,3.1,165,17.61,37.81,53.44,73.21,6,3
167,5,54.96,11,53,28.49,56.45,89.1,58.01,94,95.9,2.2,1350,4.9,4150,12545,4.7,78,27.48,53.34,48.48,100.96,11,2
103,1,96.05,11,28,58.75,41.44,84.67,61.62,64,95.7,2.9,1957,4.3,4174,17240,5,147,48.03,74.78,35.78,117.05,5,1
178,1,86.09,20,74,85.28,23.44,72.31,60.34,98,95.1,2.6,1763,4.6,3872,28174,3.4,144,43.05,62.38,30.99,121.09,7,2
171,3,28.42,9,56,40.39,28.54,43.48,37.47,93,96.7,2.4,1797,2.4,3723,19864,3.2,65,14.21,31.78,55.29,75.42,12,3
122,3,47.69,15,90,71.11,43.67,40.41,51.73,60,99.2,2.7,1714,2.1,4478,22743,4.7,190,23.85,44.85,46.83,84.69,5,2
132,7,71.78,19,35,38.15,99.75,90.17,76.02,81,95.5,2.3,1818,2.1,3685,25484,3.8,143,35.89,63.49,43.47,115.78,5,2
173,1,76.17,10,80,76.24,29.32,88.32,64.63,84,99.5,3,1853,2.5,3144,12529,3.5,123,38.09,67.37,43.47,113.17,1,3
107,9,99.53,11,81,74.57,89.28,75.95,79.93,75,95.6,2.5,1811,3.7,3985,29265,4.2,171,49.77,84.91,41.39,139.53,11,3
196,7,91.93,14,23,67.51,70.89,28.83,55.74,128,97,2.5,1374,2.5,4126,22619,3.2,129,45.97,67.71,32.11,135.93,10,3
169,8,73.51,7,36,66.38,62.89,50.09,59.79,116,95,2.5,1044,2.4,3984,21938,4.7,168,36.76,65.92,44.25,110.51,7,2
161,7,64.8,19,62,73.7,45.62,22.22,47.18,56,99.1,2.7,1233,4.2,3538,25452,3.9,106,32.4,48.3,32.92,92.8,2,1
137,8,72.96,12,26,87.62,42.56,89.09,73.09,108,99.2,2.1,1748,2.3,4269,24128,4.5,172,36.48,68.19,46.5,93.96,6,3
198,4,68.22,16,39,51.7,63,28.21,47.64,119,96.9,2.6,1706,2.6,4197,14298,3.8,170,34.11,51.84,34.2,114.22,4,2
100,10,83.59,18,46,99.62,57.2,95.27,84.03,124,98.2,2.2,1607,4.9,3593,12737,3.3,122,41.8,72.92,42.68,131.59,3,1
193,8,53.07,7,28,25.74,31.96,22.32,26.67,116,95.8,2.7,1401,2.5,4655,29840,4,191,26.54,39.65,33.08,88.07,3,2
132,10,88.56,19,39,33.09,33.04,55.7,40.61,98,98.6,3,1410,4.8,3248,11213,3,61,44.28,55.94,20.84,122.56,11,3
145,6,66.37,6,79,28.91,96.05,21.33,48.76,113,98.4,2.7,1954,4.1,3617,27185,3.7,118,33.19,57.62,42.41,99.37,12,2
110,8,81.57,16,99,67.53,92.8,22.48,60.94,64,96.2,2.5,1433,3.2,4169,23807,4.8,110,40.79,63.7,35.98,117.57,4,3
189,5,46.45,7,12,34.53,75.77,89.62,66.64,128,98.4,2.7,1152,2.7,3208,12327,4.4,135,23.23,55.65,58.27,87.45,3,2
162,2,47.17,16,85,69.66,25.5,75.05,56.74,100,98.5,2.7,1523,4.6,3938,25174,3.9,184,23.59,46.27,49.03,88.17,5,1
120,4,33.77,18,50,95.28,66.6,58.19,73.36,75,96.8,2.7,1293,2.6,4664,17826,3.8,187,16.89,46.32,63.55,73.77,3,3
193,8,89.82,17,90,92.65,53.99,66.3,70.98,136,96.6,2.6,1180,3.4,4492,14085,3.7,200,44.91,70.98,36.73,126.82,9,2
171,6,83.83,17,37,25.1,73.04,27.82,41.99,110,95.3,2.3,1058,4.2,4132,17515,3.2,121,41.92,55.77,24.85,106.83,10,2
135,5,61.01,17,31,71.77,38.29,64.33,58.13,138,98.1,2.2,1006,2.3,4545,10506,4.7,93,30.51,52.51,41.9,91.01,8,2
199,7,72.89,18,98,62.82,63.27,76.02,67.37,66,96.8,2.6,1967,4.5,4125,10384,3.1,123,36.45,61.09,40.34,119.89,3,2
199,5,20.99,10,82,58.97,46.82,25.85,43.88,113,98.6,2.8,1320,2.1,3525,13195,5,61,10.5,30.84,65.97,66.99,6,1
177,8,44.38,14,27,85.99,81.16,77.81,81.65,53,99.1,2.6,1159,4.5,3347,14259,3,116,22.19,57.21,61.22,80.38,10,1
154,1,75.65,19,52,68.28,20.58,89.26,59.37,135,95.5,2.8,1415,4.5,3483,14978,3.7,105,37.83,58.19,34.99,104.65,6,2
153,1,71.76,19,58,64.32,70.18,32.05,55.52,77,98.9,2.4,1179,4.7,4703,13061,3.2,186,35.88,54.85,34.59,99.76,4,3
121,8,21,11,11,83.08,47.71,41.3,57.36,87,95.5,2.6,1629,2.6,4392,25717,3.7,73,10.5,36.73,71.41,49,7,3
200,8,25.56,20,25,76,70.32,91.28,79.2,78,96.8,2.9,1070,3.1,4881,17107,3.4,127,12.78,44.08,71.01,59.56,8,1
149,5,42.88,12,65,36.03,87.99,25.06,49.69,119,96.5,2.5,1084,3,4176,22932,3.8,83,21.44,43.2,50.37,74.88,8,1
190,4,29.68,8,36,56.6,28.23,81.31,55.38,52,98.5,2.6,1214,3.1,3911,10775,4.3,57,14.84,41.33,64.1,57.68,3,1
135,2,24.52,17,66,64.44,24.57,32.21,40.41,60,98.9,2.8,1407,3.2,4398,29094,4,134,12.26,28.52,57.02,67.52,6,2
189,9,27.05,5,27,39.52,69.36,79.56,62.81,61,99.5,2.5,1131,2.5,4721,25173,4.7,105,13.53,45,69.94,68.05,11,2
182,2,64.98,14,82,98.17,25.99,21.38,48.51,115,99.2,2.3,1256,2.8,4660,27083,4.7,65,32.49,51.95,37.46,102.98,1,2
126,1,20.14,11,11,20.85,22.27,61.35,34.82,71,96,2.7,1156,4.6,4645,25214,3.5,130,10.07,25.89,61.1,48.14,11,2
168,6,78.65,13,96,95.37,93.84,28.49,72.57,62,98.2,2.8,1589,3.5,3757,19079,4.3,115,39.33,69.88,43.72,123.65,2,2
132,9,43.63,5,84,95.83,67.62,64.24,75.9,99,99,2.6,1552,2.6,4891,18181,4.2,132,21.82,59.98,63.63,68.63,8,3
142,5,89.33,17,44,46.2,53.29,21.94,40.48,101,98.8,2.3,1452,4.4,4440,10388,3.8,98,44.67,57.59,22.44,139.33,1,3
196,10,38.47,10,27,88.61,46.89,37.14,57.55,96,98.4,2.2,1406,2.9,3279,13921,3.8,163,19.24,45.71,57.92,64.47,10,1
161,2,74.7,11,15,90.47,90.88,91.24,90.86,135,96.4,2,1735,2.8,4174,29749,4,168,37.35,78.02,52.13,109.7,4,2
148,8,57.2,16,19,90.7,27.64,73.83,64.06,81,98.3,2.5,1050,4.1,4061,17455,5,112,28.6,54.01,47.05,106.2,3,2
145,4,69.9,19,24,74.95,97.05,40.17,70.72,136,95.8,2.8,1935,3.1,3555,10614,4.4,83,34.95,60.45,42.19,116.9,6,1
200,8,29.59,6,74,73.01,20.93,85.78,59.91,96,99,2.6,1179,2.1,4251,13514,4.3,105,14.8,44.4,66.68,55.59,1,3
166,2,23.78,6,17,42.47,70.91,78.75,64.04,64,100,2.7,1469,4.1,4314,13064,3.2,197,11.89,43.48,72.65,73.78,2,2
140,7,82.92,9,44,92.3,31.73,63.16,62.4,88,96.4,2.2,1700,3.6,3930,25847,4.4,170,41.46,70.35,41.07,124.92,9,3
168,9,41.46,19,25,74.23,88.95,56.9,73.36,103,96.7,2.1,1923,4.5,3250,27311,4,90,20.73,49.1,57.78,75.46,11,3
108,4,26.87,10,62,95.51,26.01,53.55,58.36,111,95.4,2.8,1924,3.3,4080,10388,3.4,175,13.44,40.47,66.8,74.87,1,3
114,3,96.59,18,41,20.57,23.58,58.19,34.11,129,95.2,2.8,1295,4.5,3460,26420,3.4,70,48.3,57.41,15.87,130.59,5,3
109,6,63.6,20,42,20.24,97.53,72.55,63.44,128,96.6,2.2,1387,4,3801,16928,4.9,164,31.8,53.94,41.04,84.6,6,1
123,1,70.7,7,58,45.89,40.33,88.4,58.21,80,96.6,2.6,1243,2.7,3736,21093,4.8,198,35.35,63.75,44.55,120.7,12,1
146,6,30.81,6,70,52.29,47.3,24.67,41.42,143,95.7,2.3,1408,2.9,3505,21687,3.9,175,15.41,35.97,57.17,80.81,4,3
134,4,26.23,8,89,74.77,58.99,21.39,51.72,141,99.1,2.6,1868,3.1,4029,11014,3.3,159,13.12,37.87,65.37,61.23,3,2
122,9,91.06,9,49,68.72,78.46,90.07,79.08,108,95.1,2.4,1011,3.8,3995,11304,3.8,136,45.53,82.25,44.65,123.06,2,2
120,9,73.57,8,13,22.67,51.73,42.92,39.11,97,98.2,2,1224,4.4,4358,11849,3.5,77,36.79,55.33,33.52,119.57,7,2
147,6,22.67,11,100,79.02,28.12,41.37,49.5,81,95.5,2.4,1237,2.4,4907,16956,3,195,11.34,33.89,66.55,54.67,12,1
182,2,85.9,16,43,69.3,60.65,68.49,66.15,123,98.9,2.2,1764,2.6,4575,28303,4.7,182,42.95,67.93,36.78,132.9,11,1
141,2,47.46,16,52,68.59,32.62,21.42,40.88,146,98.3,2.7,1891,3.5,3013,15532,3.6,55,23.73,39.47,39.89,76.46,11,1
184,10,36.39,16,57,83.2,96.53,77.93,85.89,129,96,2.8,1558,3,3390,27265,3.1,199,18.2,54.12,66.38,79.39,5,3
181,4,34.65,9,44,52.28,89.49,43.94,61.9,116,99.2,2.4,1421,4.9,3588,19066,4.2,138,17.33,46.41,62.67,61.65,11,3
108,1,86.38,8,77,58.67,84.45,65,69.37,60,97.2,2.3,1042,3.6,3860,11312,4.6,127,43.19,76.18,43.31,125.38,9,1
179,4,51.68,16,24,67.79,55.31,20.23,47.78,75,95.8,2.9,1790,3.1,3484,23680,3.4,112,25.84,44.41,41.81,91.68,12,1
133,1,63.33,14,57,78.29,92.06,36.61,68.99,132,95.6,2.9,1470,3,4989,27964,4.1,53,31.67,60.36,47.54,96.33,3,2
135,1,89.51,6,77,50.67,98.8,38.61,62.69,126,96.1,2.8,1204,3.1,4220,28288,4.4,80,44.76,76.18,41.25,124.51,9,3
177,8,27.32,9,63,34.78,45.65,45.69,42.04,62,95.8,2.8,1505,3.7,4086,29072,3.8,156,13.66,33.42,59.13,56.32,11,1
169,8,75.29,14,90,64.44,96.18,85.12,81.91,78,99,2.3,1032,4.4,4666,22366,4.4,95,37.65,71.67,47.48,124.29,4,2
104,3,73.51,9,97,21.2,87.78,83.73,64.24,82,98.3,2.8,1122,2.4,4073,20846,5,165,36.76,66.62,44.83,118.51,6,2
143,5,46.78,16,24,21.14,85.71,57.47,54.77,127,99,2.9,1756,3,4332,22632,4.8,87,23.39,45.24,48.3,80.78,5,1
161,2,71.48,7,24,32.79,64.84,68.29,55.31,142,97.9,2.7,1224,3.4,4982,23893,3.6,95,35.74,62.75,43.04,94.48,10,2
148,5,49.47,11,15,91.52,45.95,24.76,54.08,58,96.6,2.7,1658,2.6,3794,19079,4.9,70,24.74,48.9,49.42,74.47,5,2
133,4,62.36,15,16,27.19,28.06,64.24,39.83,98,99.1,2.9,1689,2.5,4176,15470,3.5,60,31.18,46.33,32.7,98.36,8,3
124,3,97.35,5,72,25.74,52.06,65.4,47.73,141,95.4,2.8,1139,3.4,3758,10760,4.4,181,48.68,73.63,33.89,139.35,12,3
139,1,28.45,17,11,24.39,62.28,27.67,38.11,89,99.7,2.3,1871,3.7,3166,12581,3.6,172,14.23,29.28,51.41,70.45,6,1
152,10,63.96,7,41,39.6,69.23,64.56,57.8,133,99,2.3,1482,2.7,3755,14031,4.9,139,31.98,60.16,46.84,100.96,4,1
195,4,78.92,17,98,94.59,61.3,31.31,62.4,56,97.7,2.3,1999,2.2,4494,25002,4.3,86,39.46,62.38,36.74,119.92,7,2
177,6,26.15,11,35,86.9,97.63,24.57,69.7,61,97.3,2.2,1034,4.8,3380,29902,4.8,190,13.08,44.9,70.88,67.15,3,2
152,8,73.27,15,35,89.24,97.56,66.66,84.49,70,98.1,2.1,1414,2.5,3624,16343,4.3,57,36.64,71.05,48.44,99.27,8,1
125,4,44.68,8,64,58.38,45.86,25.57,43.27,108,99.8,2.8,1012,3.6,4275,25998,4.5,163,22.34,43,48.05,70.68,5,1
118,4,36.1,14,71,74.25,83.76,54.59,70.87,81,98.7,2.8,1646,4.3,3645,20665,3.1,152,18.05,48.55,62.83,76.1,9,1
156,1,20.08,16,98,81.06,83.49,90.22,84.92,54,96.8,2.4,1899,4.5,4342,18665,3.7,103,10.04,46.28,78.31,44.08,11,1
126,10,96.98,11,21,58,89.94,83.75,77.23,81,95.3,3,1519,4.6,4676,26795,3.7,141,48.49,82.46,41.19,117.98,5,2
170,8,53.55,9,53,88.97,64.69,78,77.22,69,95.6,2,1818,2.5,3811,26837,3.2,112,26.78,62.93,57.45,84.55,9,1
175,10,79.07,9,74,22.64,51.32,87.54,53.83,79,97.7,2.1,1070,2.2,3894,26927,4.5,122,39.54,64.4,38.61,119.07,7,2
179,2,65,11,32,54.01,81.03,43.64,59.56,135,98.8,2.5,1758,3.8,4274,29019,5,81,32.5,58.89,44.81,89,10,3
180,6,58.56,11,70,35.66,99.44,99.1,78.07,56,99,2.8,1527,2.4,3865,29638,4.9,194,29.28,64.37,54.52,78.56,5,1
103,3,73.4,10,90,77.24,94.24,25.3,65.59,89,99.8,2.2,1767,4.2,3426,10489,3.2,78,36.7,66.45,44.77,108.4,6,2
158,9,83.79,15,47,72.62,75.32,68.77,72.24,106,99.1,2.1,1994,4.7,3809,20031,3.9,63,41.9,70.46,40.54,113.79,1,2
109,1,44.66,9,42,58.26,22.6,75.11,51.99,109,96.4,2.5,1181,2.6,3826,20014,3.3,74,22.33,46.64,52.12,73.66,7,1
110,7,91.27,10,90,40.33,51.89,28.88,40.37,109,99.1,2.3,1576,4.6,3455,10630,4.3,100,45.64,63.33,27.94,113.27,1,1
154,10,74.4,8,95,78.39,60.13,36.67,58.4,149,98.1,2.4,1958,2.6,3228,14654,4.9,173,37.2,64.99,42.76,105.4,6,3
149,3,56.25,7,24,64.11,64.5,86.28,71.63,58,99.3,2.3,1763,2.3,4574,10558,3.9,110,28.13,62.97,55.34,79.25,12,1
151,8,88.64,6,100,77.5,27.17,83.92,62.86,81,98.1,2.6,1101,4.8,3718,22329,4,111,44.32,75.82,41.54,131.64,4,3
123,8,42.5,16,70,48.77,52.87,21.3,40.98,139,99.8,2.6,1314,2.1,4422,10599,4.9,154,21.25,37.27,42.98,82.5,5,1
152,10,54.33,19,51,61.67,37.12,97.96,65.58,51,95.9,2.8,1154,3.4,4182,10488,3.3,113,27.17,51.48,47.23,94.33,6,2
182,1,39.37,16,52,97.34,76.73,94.15,89.41,89,96.4,2.6,1198,2.4,3910,25688,3.9,134,19.69,57,65.46,86.37,2,2
167,6,79.42,19,52,91.98,64.36,54.69,70.34,125,96.6,2.9,1570,2.1,3971,12002,4.2,146,39.71,64.46,38.4,102.42,2,3
131,1,73.61,18,18,37.78,68.45,53.53,53.25,112,99.6,2.5,1248,2.2,4931,20217,3.3,125,36.81,55.38,33.54,94.61,9,3
168,3,49.76,9,42,46.65,42.38,94.54,61.19,87,95.3,2.3,1609,3.2,4383,22045,3.1,181,24.88,53.49,53.49,74.76,5,1
196,4,24.43,14,54,51.57,43.05,69.75,54.79,91,98.4,2.5,1955,2.9,4023,20448,3.2,174,12.22,35.93,66.01,69.43,12,1
174,7,52.23,8,64,98.61,28.91,83.54,70.35,57,96.6,2.4,1021,4.4,4550,21048,4.3,174,26.12,59.69,56.25,73.23,8,2
119,5,68.19,10,54,61.62,57.2,33.12,50.65,140,96.3,2.9,1433,2.3,4090,25567,3.8,174,34.1,56.95,40.13,88.19,5,3
133,9,67.48,17,51,82.86,64.21,48.13,65.07,104,99.6,2,1731,3.5,4750,28258,3.9,167,33.74,58.4,42.22,89.48,4,1
136,6,20.65,16,53,41.91,71.74,46.06,53.24,77,97.2,2.2,1709,2.4,3529,10549,3.3,190,10.33,32.7,68.42,61.65,12,3
123,3,77.04,13,37,62.1,71.89,20.64,51.54,97,98.8,2.1,1162,4.5,3789,28093,3,93,38.52,59.58,35.35,114.04,11,3
195,10,53.13,17,82,36.16,81.09,69.78,62.34,61,95.7,2.7,1874,3.7,4914,12304,4.6,157,26.57,50.81,47.72,102.13,10,1
157,8,37.17,15,14,85.34,49.2,23.64,52.73,106,97.6,2.2,1616,2.1,4931,26629,3.4,51,18.59,40.44,54.05,60.17,7,3
139,3,47.87,5,43,86.41,71.44,89.67,82.51,53,99.2,2.8,1233,4.8,4027,19538,4.6,86,23.94,65.42,63.42,74.87,6,3
199,8,78.65,19,29,64.59,22.62,37.52,41.58,144,95.2,2.6,1134,2.6,3374,16950,3.7,172,39.33,52,24.37,100.65,12,3
129,3,52.22,8,18,74.77,82.11,49.59,68.82,64,96.1,2.5,1774,3.6,4848,12238,3.3,59,26.11,58.96,55.71,99.22,11,3
136,7,21.89,20,91,90.35,85.52,65.73,80.53,150,98.1,2.3,1263,4,4618,27902,3.1,115,10.95,43.03,74.56,46.89,4,1
117,8,39.86,14,25,68.15,56.27,61.31,61.91,60,99.7,2.2,1289,2.1,3827,16820,3.7,108,19.93,46.27,56.93,71.86,5,3
148,5,44.41,10,22,79.28,55.94,85.46,73.56,63,95.7,2.9,1360,4.4,4213,15614,4.5,114,22.21,56.11,60.43,79.41,4,2
198,6,43.19,11,57,40.72,65.97,83.55,63.41,66,97.3,2.4,1192,4,3219,11726,3.1,165,21.6,50.19,56.97,67.19,1,3
126,2,37.13,13,33,37.12,67.93,88.67,64.57,69,97.8,2,1426,3.6,3343,16102,3.4,142,18.57,46.72,60.27,85.13,8,1
102,4,52.76,19,26,49.15,50.19,21.3,40.21,126,96.3,2.7,1834,3.1,4031,19408,3.9,75,26.38,40.1,34.22,95.76,3,2
108,6,20.63,13,89,47.6,59.15,31.18,45.98,86,96.9,2.3,1136,3.8,4252,24952,3.3,131,10.32,30.57,66.26,50.63,10,2
134,1,87.93,10,64,44.3,95.38,71.84,70.51,148,95.9,3,1575,2,3041,15842,3.8,124,43.97,75.84,42.03,137.93,2,1
137,4,77.16,9,100,77.69,94.78,94.88,89.12,132,95.5,2.4,1004,4.2,4068,26635,4.6,120,38.58,80.18,51.88,112.16,7,1
147,7,43.26,7,19,25.5,61.7,32.86,40.02,119,99.4,2,1197,2.7,4195,14029,3.5,63,21.63,41.15,47.44,71.26,5,1
113,8,88.99,20,91,87.3,95.98,26.48,69.92,98,99.8,2.6,1220,4.1,3263,28671,4.2,64,44.5,67.61,34.19,124.99,8,1
110,3,97.41,15,15,53.29,68.44,80.82,67.52,67,95.7,2.5,1969,3.5,3814,24632,3.1,105,48.71,74.64,34.75,117.41,3,1
184,5,28.43,7,43,47.15,79.28,99.92,75.45,121,98.2,2.7,1390,2.1,4946,29508,3.6,54,14.22,50.87,72.05,71.43,10,3
165,2,61.34,18,47,45.98,45.37,88.27,59.87,126,97.7,2,1774,2,4197,18843,4.9,99,30.67,52.76,41.86,90.34,7,1
171,5,48.92,17,33,92.54,71.12,81.95,81.87,137,99.1,2.2,1266,3.9,3541,22390,4.8,66,24.46,57.33,57.34,70.92,8,3
145,3,63.48,18,46,70.62,25.1,81.63,59.12,138,95.7,2,1263,2.8,3684,25497,4.4,104,31.74,53.38,40.54,103.48,6,2
175,5,69.02,6,27,44.57,91.69,85,73.75,119,96.4,2.2,1644,4.4,3195,26996,4.4,153,34.51,71.17,51.51,106.02,5,2
157,8,98.57,6,88,79.22,82.97,57.07,73.09,108,95.1,2.3,1165,4.8,4336,22025,4,136,49.29,85.85,42.59,131.57,3,1
166,9,22.04,12,76,46.03,38.39,61.48,48.63,107,99.1,2.8,1858,4.4,4090,29506,4.3,134,11.02,32.83,66.43,59.04,5,1
115,4,24.31,6,11,48.89,31.57,97.67,59.38,59,98,2.2,1479,3.5,3091,25312,3.6,154,12.16,41.45,70.67,70.31,9,1
145,8,27.58,13,93,82.03,63.51,24.45,56.66,60,95.9,2.2,1982,4.2,3486,19030,3.1,130,13.79,38.67,64.34,66.58,3,1
167,6,72.9,17,67,64.53,30.35,31.49,42.12,86,96.7,2.5,1657,3.4,4652,18177,4,182,36.45,50.94,28.44,99.9,7,3
131,1,42.2,13,15,67.97,34.35,51.09,51.14,91,95.6,2.8,1058,2.3,4152,28073,3.3,103,21.1,43.06,51,75.2,3,3
105,9,77.78,15,35,79.87,57.93,47.2,61.67,96,98.1,2.4,1444,4.7,3273,12827,4.5,197,38.89,63.04,38.31,105.78,4,2
194,7,90.37,5,27,56.62,41.38,54.07,50.69,135,98.5,2.9,1677,2.1,3819,23122,4.8,54,45.19,71.51,36.81,128.37,11,2
111,2,39.28,17,86,33.5,73.88,37.13,48.17,143,98,2.7,1647,2.7,4617,20979,4.2,66,19.64,38.49,48.97,87.28,9,2
132,8,79.59,19,91,64.27,88.02,48.86,67.05,102,96.8,2.7,1577,2.1,4049,26313,4.7,146,39.8,63.14,36.97,103.59,5,3
122,6,25.69,10,16,92.3,89.3,33.61,71.74,139,97.6,2.7,1677,3.2,4094,19889,4.1,159,12.85,46.16,72.17,46.69,6,2
152,2,99.02,19,99,87.27,37.86,72.33,65.82,88,97.7,2.2,1165,2.2,3550,20415,4.3,106,49.51,71.11,30.37,147.02,10,2
105,6,72.25,7,82,28.54,93.01,95.37,72.31,67,95.1,2.6,1382,3.1,3218,19232,3.5,91,36.13,71.35,49.37,115.25,3,2
174,9,43.82,18,85,43.79,82.05,54.55,60.13,80,99.4,2.2,1652,4.1,4584,18690,3.3,200,21.91,45.12,51.44,86.82,9,3
136,4,56.93,19,55,44.13,79.81,62.57,62.17,84,98.3,2.7,1092,2.5,3008,23586,4.7,140,28.47,51.17,44.38,83.93,6,3
188,8,89.48,5,90,78.63,99.04,27.77,68.48,127,96.6,2.2,1712,2.1,4883,27349,4.8,179,44.74,79.82,43.95,110.48,10,3
126,8,78.45,17,20,65.22,51.51,89.31,68.68,145,100,2.2,1460,2.1,4323,23189,3.2,62,39.23,64.88,39.54,120.45,1,3
137,8,93.42,5,42,74.71,41.67,63.72,60.03,130,97.5,2.6,1520,2.1,4261,29618,4.4,76,46.71,77.68,39.87,131.42,1,1
121,2,66.44,11,58,68.51,74.52,87.38,76.8,51,96.4,2.9,1635,2,3670,11816,3.3,78,33.22,67.58,50.84,86.44,7,1
181,8,82.96,17,76,89.86,54.68,37.78,60.77,61,98.4,2.1,1213,4.1,4665,29317,3.3,87,41.48,63.48,34.66,109.96,2,1
130,9,27.06,13,51,68.23,36.03,78.14,60.8,100,97.7,2.6,1357,4.5,3251,25940,3.3,174,13.53,40.31,66.43,73.06,11,2
157,2,90.55,19,26,66.71,85.81,86.02,79.51,135,96.5,2.7,1109,3.1,3206,12568,4.1,63,45.28,73.18,38.14,111.55,5,3
187,2,87.68,14,16,72.1,32.15,37.39,47.21,90,95.6,2.3,1916,3.4,4123,26855,4.6,89,43.84,61.91,29.19,114.68,10,3
116,6,44.93,11,90,62.22,76.81,55.74,64.92,68,99.7,2.8,1450,4.4,4471,27688,3.5,113,22.47,51.74,56.58,80.93,7,3
113,2,48.13,9,96,50.22,21.85,76.91,49.66,69,97.5,2.4,1866,2.2,4108,15769,4.5,94,24.07,47.24,49.06,96.13,2,1
120,7,74.15,9,27,75.87,90.05,84.13,83.35,134,95.2,2.5,1331,3.6,4542,11309,4.9,61,37.08,75.97,51.2,99.15,2,1
168,5,77.07,18,33,42.77,79.88,45.77,56.14,107,95.8,2.3,1418,4.7,3262,25393,4.4,174,38.54,58.14,33.72,104.07,2,2
138,10,66.7,15,70,28.91,29,57.53,38.48,106,97.2,2.8,1629,2.6,3453,19501,3.8,92,33.35,47.72,30.11,105.7,2,1
187,2,52.97,5,91,22.01,27.96,50.16,33.38,123,98.9,2.8,1137,4.9,3221,19232,4.4,176,26.49,43.77,39.49,74.97,4,2
188,4,51.86,16,55,27.64,81.96,83.36,64.32,71,99,2.4,1425,3.9,4224,15037,3.9,59,25.93,51.7,49.84,71.86,4,2
189,3,61.1,12,23,85.03,85.21,85.49,85.24,118,99.4,2.5,1808,4.3,3530,17769,4.5,120,30.55,68.13,55.16,99.1,1,1
194,3,93.56,14,59,78.01,21.09,81.94,60.35,122,97,2.6,1889,2.6,3975,21788,3.1,187,46.78,70.53,33.67,131.56,2,1
163,8,51.8,11,58,35.23,53.49,83.36,57.36,112,96.6,2.7,1130,4.8,3486,22390,4.9,150,25.9,51.54,49.75,87.8,3,3
161,8,52.91,13,23,84.63,53.19,77.53,71.78,125,96.5,2.9,1125,4.6,3191,16636,4.9,83,26.46,57.43,53.94,88.91,4,1
199,5,99.44,11,58,86.6,61.85,65.51,71.32,51,96.2,2,1318,4.5,3111,23181,4.5,62,49.72,80.87,38.52,120.44,4,1
172,6,86.11,12,14,71.99,53.57,66.48,64.01,131,99.8,2.2,1451,3.3,3682,21721,3.1,147,43.06,70.29,38.74,129.11,1,2
114,4,70.22,18,52,46.54,72.94,65.77,61.75,140,95.3,2.8,1359,3.6,3709,18175,3.2,107,35.11,57.52,38.96,111.22,2,3
161,10,69.56,7,80,85.27,84.47,73.55,81.1,58,97.4,2.8,1837,3.7,3107,13814,3.4,133,34.78,74.26,53.16,101.56,12,2
110,5,30.2,11,48,71.74,85.19,42.81,66.58,64,98.2,2.3,1122,4.4,3309,19804,4.1,77,15.1,45.41,66.75,51.2,1,1
167,7,37.73,8,46,28.97,52.01,67.82,49.6,121,96.4,2.7,1617,4.6,3744,12581,4.1,103,18.87,42.57,55.69,58.73,2,1
116,10,57.99,13,87,75.46,29.99,53.71,53.05,110,95.2,2.1,1164,2.2,3387,22013,4,177,29,51.32,43.5,92.99,1,3
140,3,41.55,10,46,98.79,69.13,55.14,74.35,70,97.7,2,1967,2.2,3027,16675,4.7,156,20.78,55.06,62.27,70.55,8,1
171,3,69.91,15,91,65.58,63.11,77.42,68.7,58,96.7,2.1,1770,2.2,3782,24260,3.7,200,34.96,62.53,44.09,90.91,2,2
180,4,54.05,17,61,26.79,85.66,82.61,65.02,100,96.8,2.3,1737,3.3,4834,17754,3.4,170,27.03,52.36,48.39,76.05,10,1
126,1,20.08,16,68,67,56.14,96.01,73.05,87,98.7,2.3,1897,3.6,3729,24351,3.5,83,10.04,41.09,75.57,50.08,5,2
104,8,88.55,16,28,51.26,23.77,90.39,55.14,150,96.6,2.5,1347,2.9,3061,16580,4,78,44.28,64.34,31.18,111.55,10,1
165,9,92.1,6,53,76.94,44.25,73.87,65.02,90,95.9,2.7,1768,5,3665,19203,4.4,146,46.05,78.63,41.44,135.1,3,1
119,5,73.99,15,57,98.98,32.58,22.85,51.47,86,96.5,2.4,1235,2.3,4094,11855,3,56,37,56.79,34.86,106.99,3,2
177,6,59.7,16,20,61.64,87.97,54.13,67.91,76,98.9,2.1,1690,3.6,4887,11020,3.9,188,29.85,56.81,47.46,86.7,4,1
180,5,36.55,5,15,32.16,82.77,43.62,52.85,130,99,2.3,1359,2.5,4408,12531,4.7,100,18.28,44.95,59.34,72.55,1,1
102,1,91.6,20,76,62.07,39.96,96.86,66.3,70,97.8,2.5,1791,3.5,3632,16662,3.7,180,45.8,67.23,31.88,119.6,8,2
117,3,29.09,5,21,26.06,86.28,80.86,64.4,147,96.4,2.9,1148,3.8,4954,24168,4.1,101,14.55,46.85,68.95,68.09,7,1
178,9,36.81,19,76,30.14,92.83,27.24,50.07,135,98.6,3,1715,3.3,4649,28162,3.5,184,18.41,37.29,50.64,71.81,8,2
189,5,78.33,12,50,29.48,57.69,64.44,50.54,102,95,2.3,1535,5,3635,29104,4.6,71,39.17,60.43,35.19,119.33,3,2
156,7,51.68,7,34,55.79,45.12,28.48,43.13,50,98.8,2.4,1094,4.4,4230,12306,3.6,155,25.84,46.9,44.9,79.68,11,1
136,7,75.3,18,73,99.99,40.44,70.72,70.38,145,99.5,2,1872,4.1,4089,23794,3.3,64,37.65,63.42,40.63,113.3,6,3
123,3,93.95,13,57,31.57,36.69,20.08,29.45,89,99.6,2.9,1433,4.1,3876,25486,3.4,170,46.98,57.56,18.39,130.95,3,1
116,8,76.4,14,25,59.42,93.98,62.98,72.13,50,95.9,2.8,1986,2.6,4683,11556,3.1,101,38.2,67.83,43.69,122.4,12,1
143,5,75.97,6,69,27.19,43.51,28.47,33.06,58,97.2,2.8,1360,4.1,3029,15585,3.3,84,37.99,54.83,30.72,118.97,1,3
128,10,71.16,13,26,75.3,52.43,62.15,63.29,109,96.9,2.5,1472,5,3851,10363,3.8,136,35.58,62.15,42.75,108.16,12,2
157,5,84.51,12,14,31.86,55.75,83.04,56.88,140,99.4,2.5,1734,2.5,4819,22815,3.8,163,42.26,66.28,36.24,125.51,6,2
138,9,43.38,16,45,71.78,93.5,66.6,77.29,63,95.2,2.3,1387,2.6,4105,10773,3.8,145,21.69,53.51,59.47,89.38,2,2
184,3,93.41,10,39,42.82,75.25,29.9,49.32,94,95.2,2.6,1659,3.2,4073,18224,3.3,153,46.71,68.57,31.89,142.41,1,3
112,3,97.94,19,86,32.23,86.71,24.92,47.95,64,96.7,3,1490,2.5,4107,29049,3.5,69,48.97,63.13,22.43,134.94,3,2
172,4,32.82,17,14,78.63,81.3,74.35,78.09,105,97.3,2.2,1530,4.6,3925,28084,3.6,141,16.41,48.49,66.16,55.82,9,2
183,5,96.68,17,13,57.04,35.4,67.52,53.32,55,96.3,2.8,1079,4,3340,21670,4.5,106,48.34,66.44,27.24,141.68,4,2
162,6,58.43,12,75,92.36,68.33,60.06,73.58,106,98,2,1785,3.7,4498,10344,3,50,29.22,61.51,52.5,95.43,2,2
119,9,78.35,12,90,33.79,67.73,35.56,45.69,109,99.6,2.3,1416,4.7,4620,26945,3.1,69,39.18,58.22,32.71,99.35,4,1
175,6,43.88,20,100,91.57,96.04,21.67,69.76,149,99.1,3,1036,2,3653,29472,4.2,55,21.94,48.07,54.36,80.88,1,2
183,9,99.28,17,65,37.52,49.68,99.83,62.34,72,98.1,2.8,1346,3.2,4637,13457,3.6,111,49.64,71.5,30.57,144.28,11,3
189,8,55.66,13,53,41.45,80.65,57.86,59.99,56,98.1,2.8,1474,3.4,3615,28468,4.2,62,27.83,53.39,47.87,86.66,2,1
128,2,42.74,18,58,58.7,41.31,30.82,43.61,78,99.9,2.6,1227,4.4,4849,23651,4.5,177,21.37,37.61,43.17,70.74,4,3
183,9,44.94,5,84,64.7,26.13,46.79,45.87,116,98.9,2.7,1496,4.9,4718,12152,4.8,172,22.47,45.82,50.96,70.94,7,2
160,6,78.41,6,17,40.66,91.57,46.52,59.58,103,98.2,3,1571,2.4,3835,10648,5,128,39.21,69.04,43.21,111.41,12,2
139,5,30.1,11,86,68.23,96.19,75.43,79.95,66,97.6,2.1,1094,3.6,4658,22456,4.9,87,15.05,51.54,70.8,66.1,10,2
116,7,42.27,20,57,74.8,76.46,65.16,72.14,137,96.3,2.1,1842,2.4,3371,20451,4.2,157,21.14,48.34,56.28,82.27,11,1
134,3,99.72,15,66,88.61,52.13,41.32,60.69,105,98.8,2.8,1936,3.2,4349,12209,3.1,166,49.86,72.69,31.41,129.72,6,3
145,7,78.58,20,43,29,42.4,48.1,39.83,87,95.2,2,1642,4.8,3220,26003,4.8,81,39.29,50.58,22.32,121.58,1,3
149,10,36.47,11,39,31.46,81.38,70.95,61.26,61,99.9,2.4,1419,3.5,3479,21057,4.3,100,18.24,45.96,60.33,66.47,12,2
164,1,30.61,10,69,59.49,26.79,61.66,49.31,88,96.5,2.6,1183,2.7,3074,15235,3.3,180,15.31,38.05,59.77,78.61,4,3
121,3,62.93,15,87,35.94,77.19,68.01,60.38,122,99,2.9,1664,4.3,4273,29259,4.6,115,31.47,55.67,43.48,109.93,8,1
190,1,29.76,8,28,92.24,31.49,81.78,68.5,57,95.4,2.1,1873,4.1,4235,21267,4.9,178,14.88,47.63,68.76,64.76,5,2
140,8,92.32,14,95,75.32,29.16,62.77,55.75,108,98.1,2.3,1555,4.3,3459,21684,3.8,180,46.16,67.88,32,131.32,10,3
186,6,28.64,20,44,63.83,30.69,28.7,41.07,76,95.8,2.3,1165,4.7,4640,22729,3.3,65,14.32,29.53,51.51,77.64,11,2
194,4,48.87,8,51,33.3,82.15,98.11,71.19,100,98.9,2.4,1302,2.9,4842,29668,4.2,153,24.44,58.42,58.18,72.87,1,1
183,8,32.8,18,76,91.36,25.85,37.55,51.59,63,98.1,2.3,1136,4.9,4967,24102,4.7,151,16.4,36.6,55.19,82.8,3,3
130,8,42.81,7,75,98.87,60.8,49.45,69.71,137,100,2.5,1989,2.1,4892,26413,4.6,104,21.41,55.3,61.3,81.81,6,2
160,2,62.79,14,36,95.87,23.47,47.72,55.69,86,99.6,2.5,1228,2.3,3506,24184,3.3,132,31.4,54.15,42.02,89.79,3,2
114,8,91.86,15,12,26.12,95.21,95.78,72.37,103,95.2,2.2,1755,3.3,4352,25826,3.1,113,45.93,74.23,38.12,118.86,9,2
167,9,42.35,14,80,23.18,64.47,47.8,45.15,59,98.6,2.1,1430,4.8,3105,18233,3.1,165,21.18,39.93,46.97,63.35,2,2
103,1,38.74,5,31,22.19,44.3,32.2,32.9,81,96.3,2.3,1426,4.6,4789,29842,3.7,116,19.37,36.21,46.51,58.74,1,2
144,3,66.14,16,29,75.55,24.1,87.93,62.53,112,99.6,2.9,1407,3.2,4321,17154,4.6,139,33.07,57.41,42.4,115.14,1,3
183,10,42.82,10,34,90.2,60.03,77.32,75.85,94,98.1,2,1441,3.6,4162,11609,3.5,140,21.41,56.38,62.03,86.82,8,3
170,1,43.53,13,65,55.42,27.82,55.57,46.27,129,96.5,2.4,1580,4.8,4810,25728,4.8,144,21.77,41.47,47.51,79.53,8,1
186,9,46.25,14,78,41.46,98.09,31.22,56.92,93,99.4,2.3,1180,4.1,3672,24976,3.4,198,23.13,47.01,50.81,66.25,3,3
116,1,50.46,11,36,49.55,33.92,29.56,37.68,75,98.8,2.4,1804,2.1,4710,29016,3.2,99,25.23,41.77,39.6,99.46,8,1
139,10,36.25,18,94,21.35,86.68,92.15,66.73,89,96.9,2.2,1283,4.9,3832,15703,3.2,127,18.13,44.58,59.34,76.25,7,3
174,4,71.23,9,51,51.91,79.78,41.32,57.67,73,98.5,2.8,1556,2.1,4847,28328,3.8,180,35.62,62.39,42.92,120.23,11,2
178,1,42.07,16,24,46.6,62.08,26.76,45.15,93,96.1,2.9,1146,2.3,3893,15408,3.7,50,21.04,38.9,45.93,74.07,3,2
151,4,90.27,13,10,66.15,90.85,62.96,73.32,122,97,2.8,1017,4.6,3511,11139,3.2,176,45.14,75.68,40.36,126.27,1,2
169,4,40.48,9,10,93.39,83.8,66.96,81.38,55,98.1,2.8,1573,3.2,4230,28974,4.6,188,20.24,58.5,65.4,75.48,10,1
114,1,95.25,12,60,80.93,87.5,59.28,75.9,121,99.7,2.2,1851,3.2,3706,29147,3.3,114,47.63,80.07,40.52,123.25,10,3
192,3,86.67,15,97,42.95,80.56,51.17,58.23,107,98.8,2.9,1821,2.3,3252,10633,3.1,106,43.34,65.62,33.96,121.67,9,1
131,7,24.39,15,41,46.83,83.62,79.64,70.03,76,96.8,2.8,1979,3.4,4750,10578,3.9,86,12.2,42.24,71.13,69.39,7,3
143,10,90.73,10,97,95.79,95.8,61.04,84.21,139,95.2,2.3,1401,3.5,4863,27693,3.4,92,45.37,83.59,45.73,131.73,8,2
180,10,24.3,5,14,39.78,46.58,58.48,48.28,80,95.4,2.3,1213,3.9,4127,13253,4.4,171,12.15,36.4,66.62,69.3,10,2
119,4,77.26,16,15,93.02,23.86,36.88,51.25,122,95,2.5,1319,4.4,3444,19707,3.3,120,38.63,57.52,32.84,113.26,8,1
149,6,32.13,5,99,20.6,30.04,45.33,31.99,96,99.2,2.8,1299,3.4,3611,21257,3.4,74,16.07,32.39,50.4,63.13,10,1
131,5,97.14,12,51,25.93,77.32,20,41.08,85,95.5,2.1,1432,4.3,3183,12700,4.7,155,48.57,65.03,25.31,136.14,11,2
191,9,32.37,15,55,70.36,51.33,80.3,67.33,99,96.4,2.6,1779,3,3232,16770,3.2,52,16.19,44.71,63.8,61.37,8,3
104,9,56.75,14,67,23.42,45.34,85.32,51.36,127,95.5,2.6,1547,4.2,4447,11823,3.8,55,28.38,49.41,42.58,92.75,11,2
123,3,63.14,20,91,81.49,58.72,23.07,54.43,114,99.2,2.8,1210,3.6,3670,17771,3.2,139,31.57,50.01,36.87,104.14,8,2
120,7,36.22,8,20,48.97,47.22,42.26,46.15,87,99,2.3,1602,4.8,4573,18125,3.1,134,18.11,40.16,54.9,75.22,4,1
118,3,85.66,13,21,34.31,64.92,37.25,45.49,117,96.1,2.6,1853,3.1,3020,15615,3.4,57,42.83,60.91,29.69,107.66,4,1
173,9,22.83,18,37,27.94,46.55,20.19,31.56,62,99.3,2.8,1133,4.5,3321,27441,4.9,195,11.42,23.66,51.75,70.83,4,3
169,10,70.07,13,85,64.03,27.18,93.87,61.69,51,97.1,2.2,1900,3.6,4530,21796,4.7,148,35.04,60.9,42.48,99.07,6,3
197,1,51.13,7,67,72.18,41.26,24.1,45.85,78,98.2,2.6,1888,3.4,3887,18178,3.2,160,25.57,47.95,46.68,86.13,4,3
106,4,65.47,16,29,34.64,97.41,53.88,61.98,69,97,2.1,1476,3.6,3125,26169,4,110,32.74,56.84,42.41,113.47,8,3
159,4,39.05,15,22,82.37,72.75,98,84.37,70,99.4,2.5,1185,3.7,3990,14655,3.3,100,19.53,55.3,64.69,77.05,9,1
114,1,53.92,11,40,65.69,90.78,43.16,66.54,107,97.3,2.9,1239,4.7,4577,27828,3.1,100,26.96,56.81,52.55,87.92,10,2
132,1,86.26,19,42,41.67,79.13,85.17,68.66,115,95.2,2.4,1751,3.9,4520,15306,3.5,87,43.13,66.73,35.36,111.26,6,1
145,3,76.34,14,80,23.97,76.62,89.69,63.43,134,99.3,2.4,1220,2.8,3872,16157,4.3,111,38.17,63.9,40.27,125.34,3,3
190,5,77.93,9,17,37.68,27.4,52.33,39.14,143,98.2,2.4,1809,4.7,4126,19286,4.8,193,38.97,56.9,31.52,124.93,11,3
154,8,28.51,19,69,89.58,50.75,36.06,58.8,138,96,2.5,1827,3.4,3916,14659,3.6,68,14.26,37.32,61.8,55.51,8,2
150,2,35.63,14,19,62.96,26.43,23.25,37.55,91,97,2.3,1183,4.1,4570,10380,4.3,184,17.82,33.42,46.69,56.63,11,1
140,9,84.52,6,90,87.28,69.4,28.05,61.58,55,97.9,2.7,1336,3.3,3423,15109,5,185,42.26,73.1,42.19,123.52,10,3
189,1,49.27,13,13,87.23,36.84,23.16,49.08,97,99,2.9,1885,4.1,3568,10815,4.2,178,24.64,45.45,45.8,73.27,5,2
158,7,45.39,12,50,61.44,39.47,92.23,64.38,132,99.8,2.4,1538,3.8,3474,19470,4.7,91,22.7,51.11,55.6,76.39,12,3
142,2,50.4,16,90,75.72,27.68,68.15,57.18,99,98.9,2.9,1871,4.3,4480,16534,4.7,54,25.2,47.94,47.43,85.4,7,1
138,8,23.57,6,49,41.49,53.26,39.09,44.61,63,99.5,2.1,1292,4.2,3912,16240,4.1,52,11.79,33.85,65.18,53.57,5,1
185,7,92.23,9,70,82.91,82.96,70.68,78.85,130,98.3,2.2,1983,3.7,3664,11978,4.4,99,46.12,82.71,44.25,139.23,8,2
189,10,39.55,17,47,52.32,45.48,90.55,62.78,54,99.4,2.4,1069,2.2,4358,10779,4.5,50,19.78,44.9,55.96,70.55,7,2
158,5,89.72,16,76,41.18,27.98,83.6,50.92,68,99.4,2.7,1838,2.9,4888,21494,3.4,91,44.86,63.03,28.83,135.72,3,2
156,2,70.8,5,13,50.29,21.61,44.02,38.64,145,97.9,2.3,1236,3.1,3969,29451,3.5,81,35.4,55.5,36.21,107.8,4,1
156,1,96.1,12,86,71.51,89.79,92.24,84.51,128,96,2.5,1102,3.2,4459,27563,4.8,146,48.05,84.43,43.09,134.1,4,2
187,4,25.01,19,50,35.67,80.97,87.12,67.92,138,96.1,2.5,1260,4.4,4957,18999,3.2,94,12.51,39.63,68.44,56.01,3,3
120,8,43.79,6,24,30.77,69.19,29.47,43.14,66,99.9,2.3,1464,4.3,3559,25181,3.6,92,21.9,43.4,49.55,88.79,6,1
170,6,96.23,16,15,49.1,42.38,29.55,40.34,61,95.5,2.7,1630,3.1,4774,16675,3.1,119,48.12,61.36,21.59,117.23,11,2
110,7,57.61,9,16,82.68,92.75,21.77,65.73,102,96.5,2.4,1098,3.9,4136,29168,4.8,153,28.81,59.5,51.59,86.61,1,2
182,4,35.05,8,91,39.08,93,97.48,76.52,73,97.1,2.2,1240,3.6,3123,15910,3.5,148,17.53,54.1,67.61,77.05,7,1
173,7,97.69,13,37,36.7,20.68,82.54,46.64,91,99.2,2.8,1952,3.4,3886,25167,4.2,67,48.85,67.09,27.2,118.69,1,3
130,9,37.83,6,58,72.91,70.04,70.97,71.31,86,97,2.6,1324,3.8,3676,23662,3.6,174,18.92,54.16,65.07,64.83,7,2
137,6,86.67,19,43,32.81,32.5,41.38,35.56,89,95,2.5,1720,3.4,3927,11486,4.5,153,43.34,52.97,18.19,136.67,6,1
123,4,40.83,18,58,92.22,55.64,47.62,65.16,98,98.7,2.2,1629,4.5,4915,20377,4.5,71,20.42,45.94,55.56,75.83,9,2
192,8,34.51,7,38,83.13,50.2,93.98,75.77,117,98.3,2.4,1624,3.8,3343,21457,4,137,17.26,54.06,68.08,76.51,4,1
104,5,65.99,10,34,35.15,21.97,91.72,49.61,111,98.7,2.6,1577,2,4395,13776,4.8,120,33,55.38,40.42,104.99,12,1
173,3,42.37,16,41,34.18,52.8,89.01,58.66,119,97,2.1,1670,3.2,3612,14311,3.3,108,21.19,44.91,52.83,71.37,5,2
102,3,40.32,14,76,49.46,64.13,42.45,52.01,109,98,2.2,1673,3.3,3310,28022,3.6,131,20.16,42.06,52.07,78.32,2,2
181,7,95.56,7,58,51.9,68.39,48.93,56.41,89,95.6,2.1,1065,2,3950,11132,3.9,178,47.78,75.35,36.59,122.56,1,3
109,2,41.43,12,86,82.7,77.95,73.5,78.05,77,95.3,2.4,1254,2.6,4407,10237,4.5,53,20.72,55.49,62.67,73.43,6,3
123,3,32.67,19,10,49.8,83.44,48.7,60.65,60,98.3,2.5,1492,3.1,3789,28192,3.2,171,16.34,39.92,59.08,65.67,5,3
189,2,97.94,20,93,68.64,38.51,24.57,43.91,94,95.5,2.2,1230,3.5,4669,27136,3.2,114,48.97,60.65,19.25,141.94,7,3
116,3,32.58,20,57,25.38,59.01,33.82,39.4,110,95.4,2.6,1749,3.4,4843,18359,3,83,16.29,30.55,46.67,61.58,9,2
129,8,86.66,19,25,37.68,49.19,87.8,58.22,53,96.3,2.1,1633,2.8,4363,16970,3.8,72,43.33,62.5,30.67,121.66,10,3
198,3,65.03,13,84,25.36,90.6,84.74,66.9,58,98.8,2.1,1725,4.2,4899,23063,4.6,161,32.52,60.89,46.6,105.03,4,2
150,1,38.39,13,77,51.12,69.11,77.15,65.79,148,99.3,3,1638,4.8,4564,25673,4.4,141,19.2,47.9,59.93,70.39,6,1
185,1,66.01,5,78,27.51,73.8,68.91,56.74,99,98.6,2.8,1323,2.7,3867,13670,4.7,191,33.01,62,46.77,101.01,3,2
199,5,89.45,10,44,64.51,84.01,39.43,62.65,99,99.3,2.3,1584,3.5,3280,10780,3.1,70,44.73,72.88,38.63,113.45,5,2
163,5,84.94,9,60,87.5,24.85,77.2,63.18,93,97.4,2.5,1780,2.2,3811,25618,3.3,54,42.47,71.73,40.79,126.94,1,2
160,9,68.26,20,87,81.9,52.71,68.71,67.77,84,95.3,2.4,1950,3.9,4425,29136,3,143,34.13,57.76,40.91,111.26,9,2
136,10,69.48,15,36,39.44,33.02,66.03,46.16,95,96,2.2,1914,4.3,3997,12921,4.3,177,34.74,52.37,33.66,107.48,12,3
102,10,91.36,11,16,62.73,96.51,59.42,72.89,76,96.6,2,1037,4.8,3374,23563,4.8,187,45.68,77.71,41.22,138.36,10,3
186,4,72.6,13,43,71.31,73.02,20.12,54.82,69,97.7,2.6,1388,2.4,3639,15221,3,114,36.3,59,38.47,98.6,2,2
132,6,82.41,10,41,70.38,50.98,99.22,73.53,86,98.5,2.7,1180,2,4415,22709,3.7,111,41.21,74.56,44.74,127.41,12,3
163,9,59.95,6,50,96.83,65.65,57.72,73.4,117,98.9,2.7,1867,2.9,3409,24014,4.1,50,29.98,66.41,54.86,94.95,4,1
200,9,98.39,10,93,22.29,82.51,54.12,52.97,110,97.9,3,1172,4.1,3060,12056,3.9,143,49.2,72.72,32.35,136.39,4,1
132,10,77.65,16,31,79.56,72.53,39.12,63.74,87,97,2.4,1467,2.9,4707,26683,4.4,61,38.83,63.14,38.51,120.65,3,2
129,7,83.24,13,79,57.61,88.96,94.73,80.43,114,96.2,2.9,1973,4.3,3873,18803,4,116,41.62,75.59,44.94,130.24,6,3
168,6,80.09,8,38,70.3,45.05,50.27,55.21,81,96.9,2.9,1169,3.7,3120,29425,4.3,70,40.05,66.31,39.61,130.09,8,1
157,2,82.95,5,29,92.02,78.73,59.91,76.89,70,99.7,2.8,1310,2.3,3923,12045,3.1,76,41.48,80.64,48.57,125.95,5,2
185,8,62.96,5,85,52.81,77.58,82.01,70.8,147,95.9,2.1,1236,2.1,3586,17485,4.2,118,31.48,67.35,53.26,106.96,11,1
148,5,78.05,11,47,35.54,64.22,98.85,66.2,86,98,2.9,1094,3,4340,23462,3,191,39.03,68.25,42.82,119.05,11,3
134,2,31.55,9,60,63.74,45.83,38.48,49.35,109,99.2,2.8,1009,4.9,3581,16344,4.3,108,15.78,38.96,59.51,55.55,5,3
182,8,66,12,38,50.63,96.62,64.81,70.69,71,98.7,2.3,1653,4.8,4200,26902,3.6,54,33,63.79,48.27,92,2,2
137,1,96.11,19,53,73.57,77.03,26.44,59.01,107,98.2,2.1,1781,4.3,4722,29449,3.9,119,48.06,66.96,28.23,117.11,8,1
165,2,36.04,6,61,60.42,57.4,21.33,46.38,55,97.3,2,1958,3.6,3050,25974,3.8,56,18.02,41.04,56.09,84.04,2,2
125,4,76.71,20,29,85.15,49.07,68.11,67.44,147,96.1,2.1,1214,2,3026,17815,3.8,68,38.36,61.26,37.39,104.71,9,2
157,10,20.6,13,92,52.88,77.03,57.53,62.48,89,95.5,2.4,1583,3.1,4286,23702,3.5,90,10.3,38.03,72.91,70.6,6,2
161,7,47.92,9,65,90.08,40.71,36.24,55.68,126,96.7,2.9,1105,4.1,4744,29494,4,73,23.96,50,52.08,80.92,4,3
162,4,80.47,11,81,47.95,80.56,54.89,61.13,142,97.9,2.8,1730,3.2,3367,25187,4,184,40.24,67.06,40.01,114.47,11,2
191,8,25.44,14,17,35.55,40.66,76.67,50.96,107,98.4,2.3,1808,4.6,4011,16144,3.2,106,12.72,34.68,63.32,68.44,5,3
103,9,36.17,14,63,51.2,33.96,30.55,38.57,71,98.3,2.9,1016,4.8,4326,26454,4.8,196,18.09,34.15,47.04,65.17,2,3
193,4,59.17,14,47,87.48,34.23,26.55,49.42,108,97.4,2.6,1302,4,3471,28331,3.5,93,29.59,49.67,40.44,96.17,3,1
195,3,69.2,6,16,51.13,89.23,66.59,68.98,75,97.3,2.3,1814,3.2,4750,10952,4.1,73,34.6,68.93,49.8,91.2,12,1
154,2,26.91,18,58,70.18,71.05,66.54,69.26,146,100,2.3,1538,2.2,3043,12524,4.8,89,13.46,41.52,67.6,54.91,10,3
148,5,60.45,18,51,39.41,25.98,99.94,55.11,90,99.6,2.7,1385,4.3,3614,23675,4,177,30.23,50.35,39.98,96.45,7,1
119,1,81.69,14,72,55.35,91.05,22.89,56.43,111,96.7,2.2,1789,4.9,4510,24407,4.1,92,40.85,63.25,35.42,122.69,1,1
191,4,21.5,5,85,44.24,63.93,24.24,44.14,98,97.1,3,1873,5,4645,18345,3.8,111,10.75,32.95,67.37,58.5,11,2
141,4,31.26,5,62,83.02,77.33,33.94,64.76,77,95.3,2.7,1216,2.2,3365,29131,4.2,174,15.63,48.13,67.53,70.26,9,2
130,4,47.97,10,21,30.46,90.64,79.01,66.7,99,97,2.3,1390,2.9,3247,19246,4.5,154,23.99,54.61,56.08,94.97,8,2
112,7,66.36,9,65,52.65,81.01,76.04,69.9,81,97.4,2.8,1318,5,4534,28105,4.3,185,33.18,65.79,49.57,105.36,1,3
177,2,88.39,16,13,55,27.75,43.87,42.21,57,97.8,2.5,1057,4.6,4037,26822,3.3,83,44.2,58.62,24.6,123.39,5,2
181,3,85.97,6,68,86.8,28.99,56.94,57.58,59,97.4,2.6,1152,4.1,3400,10704,4.1,112,42.99,71.88,40.2,105.97,10,1
196,1,84.19,12,39,57.89,76.6,21.71,52.07,51,96.7,2,1478,3.1,4381,10667,3.4,121,42.1,63.9,34.13,134.19,3,3
103,9,29.45,19,41,69.82,77.68,75.94,74.48,67,95.4,2.6,1416,2.2,3304,11626,3.4,155,14.73,44.34,66.79,58.45,6,2
134,5,23.99,7,21,32.29,68.94,37.21,46.15,126,97.4,2.8,1077,3.5,4788,11687,4.1,125,12,34.47,65.2,61.99,8,2
156,3,25.29,18,83,52.32,45.48,75.45,57.75,148,97.9,3,1757,3.1,4775,28084,3.2,163,12.65,35.92,64.8,52.29,3,1
116,10,79.92,7,10,74.6,47.92,87.32,69.95,132,98.7,2.2,1374,2.8,4215,17355,4.1,198,39.96,74.05,46.03,112.92,3,2
135,9,70.54,17,29,69.92,67.8,31.07,56.26,116,95.4,2.9,1198,3.7,3658,24774,3.9,193,35.27,55.99,37.01,99.54,9,3
180,4,96.21,20,96,74.41,41.02,93.71,69.71,111,97,3,1133,2.4,4872,18647,4.1,68,48.11,70.66,31.92,146.21,5,2
121,7,27.55,9,31,21.85,89.87,37.6,49.77,95,95.3,3,1520,3.5,3628,21626,3.5,61,13.78,37.2,62.97,65.55,11,1
129,10,26.96,17,93,72.92,54.83,51.37,59.71,120,97.7,2.5,1072,3,3407,17736,3.5,167,13.48,37.94,64.47,73.96,2,1
112,1,92.75,11,32,72.47,46.01,41.04,53.17,133,98.5,2.9,1543,4.1,4557,18940,3.4,200,46.38,69.29,33.07,128.75,5,3
112,5,59.17,20,87,58.27,44.11,51.19,51.19,116,95.2,2.6,1162,4.5,3090,13913,3.5,200,29.59,46.94,36.97,104.17,3,2
197,5,73.44,14,45,68.35,72.32,68.08,69.58,142,98.3,2.6,1488,3.2,3657,11395,4.5,198,36.72,65.31,43.78,100.44,4,1
103,1,37.01,15,42,92.67,53.22,36.89,60.93,87,99.1,2.6,1400,2.3,3354,24424,4.4,172,18.51,44.01,57.95,87.01,8,1
170,3,45.39,16,96,31.15,83.85,94.86,69.95,123,96.2,2.5,1766,4.5,3056,15725,5,121,22.7,51.23,55.7,93.39,3,3
133,8,89.5,9,66,30.67,65.79,39.04,45.17,109,95.4,2.5,1769,2.1,3981,18113,4,56,44.75,65.45,31.62,137.5,11,3
187,2,91.67,18,79,39.95,87.64,63.28,63.62,70,99.6,2.6,1357,4.9,4367,21079,4.6,60,45.84,67.8,32.4,115.67,5,1
180,2,78.02,16,92,80.28,75.12,92.18,82.53,117,98.1,2,1701,4.7,4173,23510,4.9,188,39.01,71.51,45.45,114.02,8,1
140,5,42.57,6,34,87.41,89.71,58.54,78.55,107,98,2.8,1631,3.5,4464,12953,3.8,151,21.29,60.11,64.59,70.57,11,2
173,5,21.15,8,64,96.43,39.03,72.48,69.31,100,95.5,2,1835,4.6,4362,18747,4.8,68,10.58,43.74,75.82,58.15,11,1
146,2,94.88,19,64,70.89,34.84,63.68,56.47,131,96.5,2.8,1559,4.9,3913,23888,4.2,142,47.44,65.38,27.44,131.88,7,1
199,8,92.2,7,45,81.15,88.46,44.53,71.38,138,96.2,2.3,1349,3.8,3881,25988,4.9,71,46.1,80.91,43.02,142.2,3,2
129,4,62.66,9,76,46.12,38.94,48.16,44.41,99,96.4,2.8,1583,2.5,3128,20635,4.7,130,31.33,51.91,39.64,100.66,1,3
145,2,99.49,7,39,91.09,29.95,88.38,69.81,111,98.9,2.8,1632,3.2,4966,18827,3.8,140,49.75,83.83,40.66,131.49,8,2
140,3,69.77,14,74,80.11,34.3,42.46,52.29,51,97.1,2.2,1171,2.1,3010,27158,3.2,191,34.89,55.86,37.55,115.77,4,1
139,9,22.94,16,35,67.82,81.55,63.36,70.91,118,98.2,2.5,1203,2.6,4005,23198,4.4,90,11.47,41.46,72.34,64.94,11,3
139,3,62.55,20,94,90.15,32.24,39.47,53.95,83,98.6,2.5,1398,3.5,3292,10155,4,91,31.28,49.54,36.88,99.55,1,1
114,8,81.57,18,25,92,97.88,76.25,88.71,90,95.9,2,1530,2.3,3142,18812,3.7,136,40.79,74.01,44.89,101.57,10,1
164,10,93.15,8,44,46.59,92.62,96.14,78.45,133,99.8,2.8,1733,3.4,4015,29744,4.2,62,46.58,83.91,44.49,141.15,5,1
105,1,97.02,8,13,89.01,72.8,58.1,73.3,140,95.4,2.6,1575,3.4,3951,20276,3.8,185,48.51,83.36,41.81,119.02,1,2
119,6,91.64,19,22,69.62,92.65,49.09,70.45,133,95.9,2.1,1119,3.7,3492,18657,4.9,158,45.82,69.82,34.38,141.64,9,2
156,6,75.26,17,40,62.52,58.8,25.69,49,145,98.2,2.4,1760,3.7,3826,18290,4.1,50,37.63,54.96,31.53,105.26,7,3
119,1,52.74,10,19,50.92,83.47,92.09,75.49,81,96.1,3,1158,2.5,3228,20393,3.3,96,26.37,61.07,56.82,100.74,5,1
175,10,84.07,10,60,69.52,25.95,38.98,44.82,130,95.3,2.7,1469,3.5,4124,25407,4.2,196,42.04,61.93,32.13,130.07,6,2
144,9,48.5,11,18,41.54,67.23,21.45,43.41,60,99.2,2.9,1974,2,3620,24294,4.7,84,24.25,43.5,44.26,94.5,12,2
118,4,43.57,9,79,78.9,31.15,43.37,51.14,142,97.1,2.3,1189,3.6,4982,24637,3.7,179,21.79,45.69,52.32,74.57,2,2
190,5,97.96,6,54,81.88,78.34,59.9,73.37,137,96.8,2.2,1967,3.8,3965,13562,4.3,184,48.98,85.67,42.83,129.96,2,1
142,5,96.58,10,90,49.18,79.72,35.67,54.86,108,99.2,2.1,1048,4.9,4788,15164,4.1,81,48.29,72.69,33.57,134.58,10,3
166,4,92.22,9,14,24.81,98.14,27.78,50.24,70,96.7,2.2,1796,3,3037,18659,3,148,46.11,69.17,33.34,118.22,4,1
188,7,30.74,16,91,92.77,81.67,75.01,83.15,94,97.4,2.7,1540,3.8,3181,16457,4,55,15.37,50.35,69.48,57.74,1,3
149,6,78.09,13,45,42.99,57.73,59.29,53.34,143,99,2.5,1474,5,4391,13372,4.3,152,39.05,60.9,35.89,104.09,5,2
195,10,28.22,7,48,75.73,34.05,56.16,55.31,137,98.3,2.6,1632,4.1,4143,18363,4,194,14.11,41.02,65.6,71.22,8,3
102,10,29.38,9,93,55.03,47.42,77.88,60.11,138,98,2.5,1304,4.7,4056,22526,4.3,156,14.69,42.97,65.82,51.38,7,1
113,4,55.14,15,59,23.11,90.71,22.92,45.58,50,96.2,2.8,1405,3.3,3557,18532,4.7,122,27.57,45.55,39.47,84.14,10,3
123,10,71.14,18,87,31.16,81.74,82.02,64.97,131,95.7,2.7,1597,4.8,4357,24399,4.4,170,35.57,59.29,40.01,104.14,10,3
144,9,84.9,7,74,95.19,59.15,82.64,78.99,84,97.5,3,1142,2.6,4236,22120,4.6,88,42.45,80.95,47.56,114.9,10,3
192,5,34.5,7,13,88.27,61.49,60.97,70.24,86,97.5,2.5,1975,4.8,3215,23372,4.9,128,17.25,51.39,66.43,79.5,9,3
110,3,89.27,15,72,57.69,81.07,92.66,77.14,81,98.9,2.5,1077,4.4,3367,24234,4.6,75,44.64,75.16,40.61,127.27,11,2
168,2,36.51,9,100,40.46,90.93,28.67,53.35,88,99.3,2.1,1964,5,3446,15343,4.5,145,18.26,43.26,57.8,56.51,4,2
119,2,34,18,58,79.44,96.95,41.53,72.64,60,99.9,2.8,1545,5,3695,15893,4.4,174,17,46.12,63.14,60,6,1
111,5,59.97,16,25,38.23,23.78,82.26,48.09,110,98.2,2.3,2000,3.2,4304,26884,4.5,177,29.99,48.29,37.9,96.97,10,3
113,1,82.21,6,12,36.14,65.48,78.73,60.12,70,95.5,2.6,1063,3.4,3713,15487,4.5,184,41.11,71.21,42.28,123.21,2,3
107,7,66.83,18,81,87.51,77.99,61.42,75.64,133,99,2.2,1173,3.1,3894,11782,3.3,71,33.42,61.92,46.03,100.83,5,3
113,5,63.94,5,86,71.02,62.22,67.93,67.06,102,98.1,2.5,1720,3.3,4374,28246,3.2,63,31.97,66.02,51.58,88.94,3,3
104,9,59.13,10,64,20.1,55.23,62.62,45.98,67,96.5,2.6,1464,4,4760,18498,4.5,154,29.57,50.35,41.28,105.13,6,1
184,7,91.73,9,58,76.38,92.03,47.06,71.82,145,96.5,2.1,1419,3.5,3377,22678,3.4,188,45.87,79.14,42.04,117.73,2,2
126,8,85.53,19,96,99.7,36.72,67.5,67.97,143,96.9,2.5,1118,3,3413,19403,3.6,73,42.77,66.12,35.32,110.53,12,1
163,4,74.25,16,19,37.14,45.27,75.32,52.58,123,97.9,2.4,1396,2.2,3059,25432,3.3,197,37.13,56.73,34.56,94.25,8,2
145,8,79.35,12,97,96.84,35.22,74.47,68.84,136,99.6,2.2,1089,2.2,3927,15809,4.2,121,39.68,69.29,42.74,121.35,5,3
149,7,58.64,16,54,63.52,94.1,55.07,70.9,57,95.7,2.4,1720,3.4,4299,14557,3.7,104,29.32,57.65,49.14,108.64,1,1
110,2,73.79,14,63,97.27,33.12,25.62,52,111,98.1,2.2,1871,4.4,4894,14154,3.9,54,36.9,57.6,35.94,123.79,12,3
117,7,50.57,17,26,79.44,67.3,34.12,60.29,86,95.4,2.2,1962,2.8,3763,29821,4.8,78,25.29,48.76,48.14,99.57,10,2
193,6,74.68,10,50,85.16,22.45,91.77,66.46,100,98,2.8,1285,2.4,3388,21005,4.7,68,37.34,67.5,44.68,121.68,4,2
119,2,35.91,19,51,47.68,29.04,78.26,51.66,90,97.8,2.2,1736,4.2,4167,26782,3.3,156,17.96,37.54,52.17,67.91,10,1
142,4,21.07,16,26,49.95,33.19,67.12,50.09,71,96.8,2.9,1311,4.9,3799,20209,4.7,130,10.54,31.53,66.59,69.07,1,1
138,3,28.86,15,43,41.2,84.47,36.04,53.9,137,95.1,2.9,1664,2.3,4357,11550,4,188,14.43,37.17,61.18,66.86,12,2
186,8,99.61,6,97,54.26,36.56,67.48,52.77,88,97.6,3,1147,3.7,3824,26282,3.7,108,49.81,76.47,34.87,128.61,12,1
138,3,30.3,10,70,68.55,63.59,56.44,62.86,53,96.8,3,1850,2.4,3199,15040,4.9,50,15.15,44.25,65.76,70.3,5,1
150,7,65.69,13,20,46.04,98.52,27.68,57.41,137,96.3,2.2,1283,2.2,4396,11398,4.8,82,32.85,56.91,42.29,102.69,3,2
150,2,67.89,15,31,48.02,76.64,94.39,73.02,58,96.4,2.9,1848,2.4,3770,15096,4.6,126,33.95,63.53,46.57,110.89,7,2
172,9,95.58,18,86,91.32,93.41,56.15,80.29,110,99.6,2.6,1198,4,3951,19215,4.1,179,47.79,76.64,37.65,129.58,6,1
184,2,27.47,13,96,65.23,57.48,96.07,72.93,140,96.9,2.3,1304,4.3,3968,25183,3.1,178,13.74,45.98,70.13,75.47,9,3
110,3,36.82,6,79,51.68,34.49,43.34,43.17,129,96.9,2.8,1024,4.4,3923,21510,3.6,81,18.41,39.9,53.86,56.82,8,1
199,5,23.8,15,31,50.48,26.95,72.22,49.88,119,95.1,2.4,1030,3.5,4185,28082,3.4,77,11.9,33.05,64,72.8,7,1
169,9,81.15,6,35,98.28,45.23,56.94,66.82,135,98.2,2.5,1396,4.7,4170,22929,3.7,129,40.58,73.95,45.13,118.15,6,1
169,9,99.14,19,72,55.25,25.08,24.84,35.06,76,95.8,2.4,1948,3,3621,22871,4.7,137,49.57,58.21,14.84,124.14,10,3
197,10,73.93,13,34,85.81,57.87,55.14,66.27,57,96.1,2.1,1993,3.9,3147,12103,3.9,62,36.97,64.79,42.94,113.93,11,3
109,8,83.81,14,87,61.78,25.43,82.03,56.41,114,99.4,2.4,1218,3.1,4711,10724,4.5,94,41.91,64.23,34.76,107.81,12,1
138,8,91.43,18,94,80.16,38.4,35,51.19,137,98,2.2,1802,4.7,3035,15922,4.4,126,45.72,62.38,26.72,128.43,9,1
156,9,89.24,6,38,36.47,55.18,80.45,57.37,71,99.9,2.4,1771,4.2,3484,12854,5,89,44.62,73.43,39.24,119.24,12,2
168,10,26.38,16,51,47.86,99.31,82.99,76.72,79,97.8,2.4,1149,3.5,4309,14291,3.3,176,13.19,45.56,71.05,48.38,12,3
131,9,24.48,6,93,49.82,30.41,49.53,43.25,58,98.7,2.6,1767,2.4,4240,25760,3,86,12.24,33.66,63.64,70.48,12,3
173,1,38.5,9,25,89.8,74.92,34.84,66.52,74,97.3,2.2,1965,4.5,4543,29392,4.2,64,19.25,50.48,61.86,59.5,8,1
189,10,63.07,11,11,38.59,22.61,28.28,29.83,113,95.5,2.1,1915,3.8,4754,19263,4.8,94,31.54,44.19,28.64,94.07,6,1
196,9,97.58,19,51,47.92,83.67,49.57,60.39,131,95,2.5,1147,4.8,4629,20294,4.6,188,48.79,68.2,28.46,129.58,10,1
108,8,20.44,18,89,70.8,84.32,25.62,60.25,82,97.8,2.8,1910,2.2,4554,18687,4.9,198,10.22,34.83,70.66,41.44,2,2
196,1,32.35,12,42,20.28,40.98,78.45,46.57,109,99.4,2.5,1395,2.6,3105,15200,4.1,64,16.18,36.77,56.01,80.35,6,3
118,2,78.35,7,64,98.19,25.79,84.64,69.54,121,96.7,2.3,1848,2.8,3542,14924,3.2,59,39.18,73.06,46.38,117.35,9,1
196,9,91.69,9,70,99.51,92.67,86.08,92.75,56,96.4,2.1,1356,2.2,3013,15518,3.7,76,45.85,89.02,48.5,114.69,11,1
121,6,89.46,13,89,72.62,52.21,53.48,59.44,96,99.2,2.1,1089,4.6,4329,27279,3.6,174,44.73,68.99,35.17,116.46,2,1
192,7,94.3,8,77,95.16,66.27,72.48,77.97,66,97.9,2.6,1064,2.7,3337,26517,3.6,197,47.15,84.24,44.03,131.3,10,2
122,5,43.46,5,78,69.04,43.29,48.78,53.7,98,97.7,2,1828,3.1,4016,19841,4.2,174,21.73,48.9,55.56,72.46,10,1
140,5,58.6,10,92,39.22,66.64,94.83,66.9,134,95.1,2.5,1666,2.7,3843,21899,4.5,59,29.3,59.88,51.07,102.6,5,2
137,6,80.85,13,27,43.55,71.05,44.8,53.13,110,99.5,2.6,1590,2.9,4251,26719,4.6,138,40.43,62.11,34.91,109.85,9,2
101,2,49.88,12,86,65.76,23.85,21.72,37.11,96,99.2,2.1,1773,2.1,4029,18713,4.5,200,24.94,40.76,38.81,96.88,1,3
